Labeled Data,Label
https://firebasestorage.googleapis.com/v0/b/labelbox-193903.appspot.com/o/cjibrb63pgz9j0744q9hoxv8e%2Fe6d36594-2380-4cd4-b5c9-f16e81a78170%2Fc_4.jpg?alt=media&token=1948d1cb-479b-44a9-9747-3cfa5c84daa6,"{""model"":[""c""]}"
https://firebasestorage.googleapis.com/v0/b/labelbox-193903.appspot.com/o/cjibrb63pgz9j0744q9hoxv8e%2Fe6d36594-2380-4cd4-b5c9-f16e81a78170%2F1.jpg?alt=media&token=27e9a366-18f2-4035-b605-8bfdb1ad1639,"{""model"":[""c""]}"
https://firebasestorage.googleapis.com/v0/b/labelbox-193903.appspot.com/o/cjibrb63pgz9j0744q9hoxv8e%2Fe6d36594-2380-4cd4-b5c9-f16e81a78170%2F3.jpg?alt=media&token=d7ed2753-1c10-4c87-8202-383473e97135,"{""model"":[""c""]}"
https://firebasestorage.googleapis.com/v0/b/labelbox-193903.appspot.com/o/cjibrb63pgz9j0744q9hoxv8e%2Fe6d36594-2380-4cd4-b5c9-f16e81a78170%2F4.jpg?alt=media&token=ac7fc9c7-6372-469a-ae71-4bc05fca8f9d,"{""model"":[""c""]}"
https://firebasestorage.googleapis.com/v0/b/labelbox-193903.appspot.com/o/cjibrb63pgz9j0744q9hoxv8e%2Fe6d36594-2380-4cd4-b5c9-f16e81a78170%2F6.jpg?alt=media&token=041e294a-62f9-4462-8796-369e225f6bfa,"{""model"":[""c""]}"
https://firebasestorage.googleapis.com/v0/b/labelbox-193903.appspot.com/o/cjibrb63pgz9j0744q9hoxv8e%2Fe6d36594-2380-4cd4-b5c9-f16e81a78170%2F5.jpg?alt=media&token=95d5d020-dc56-4554-8741-88f208fe717d,"{""model"":[""c""]}"
https://firebasestorage.googleapis.com/v0/b/labelbox-193903.appspot.com/o/cjibrb63pgz9j0744q9hoxv8e%2Fe6d36594-2380-4cd4-b5c9-f16e81a78170%2F7.jpg?alt=media&token=5115b0af-ff1a-4736-bf93-5415a3938751,"{""model"":[""c""]}"
https://firebasestorage.googleapis.com/v0/b/labelbox-193903.appspot.com/o/cjibrb63pgz9j0744q9hoxv8e%2Fe6d36594-2380-4cd4-b5c9-f16e81a78170%2F8.jpg?alt=media&token=6319d1f6-012e-475c-ba2a-0e6c18caba32,"{""model"":[""c""]}"
https://firebasestorage.googleapis.com/v0/b/labelbox-193903.appspot.com/o/cjibrb63pgz9j0744q9hoxv8e%2Fe6d36594-2380-4cd4-b5c9-f16e81a78170%2F9.jpg?alt=media&token=9fa657f0-3dad-47b4-975b-35a4188123c5,"{""model"":[""c""]}"
https://firebasestorage.googleapis.com/v0/b/labelbox-193903.appspot.com/o/cjibrb63pgz9j0744q9hoxv8e%2Fe6d36594-2380-4cd4-b5c9-f16e81a78170%2F11.jpg?alt=media&token=f04367d5-3261-4bd2-bcc5-64aa7b5ef333,"{""model"":[""c""]}"
https://firebasestorage.googleapis.com/v0/b/labelbox-193903.appspot.com/o/cjibrb63pgz9j0744q9hoxv8e%2Fe6d36594-2380-4cd4-b5c9-f16e81a78170%2F12.jpg?alt=media&token=c7de8de5-2bf2-485a-96c6-1fd3d8b518c7,"{""model"":[""c""]}"
https://firebasestorage.googleapis.com/v0/b/labelbox-193903.appspot.com/o/cjibrb63pgz9j0744q9hoxv8e%2Fe6d36594-2380-4cd4-b5c9-f16e81a78170%2F10.jpg?alt=media&token=851d4b1d-22ea-45d3-9d82-5037472e5fc7,"{""model"":[""c""]}"
https://firebasestorage.googleapis.com/v0/b/labelbox-193903.appspot.com/o/cjibrb63pgz9j0744q9hoxv8e%2Fe6d36594-2380-4cd4-b5c9-f16e81a78170%2F13.jpg?alt=media&token=39cc67f1-56fc-4458-9711-a1ac3f905d63,"{""model"":[""c""]}"
https://firebasestorage.googleapis.com/v0/b/labelbox-193903.appspot.com/o/cjibrb63pgz9j0744q9hoxv8e%2Fe6d36594-2380-4cd4-b5c9-f16e81a78170%2F14.jpg?alt=media&token=ff5d78d8-ea1a-4631-9639-154298d54c35,"{""model"":[""c""]}"
https://firebasestorage.googleapis.com/v0/b/labelbox-193903.appspot.com/o/cjibrb63pgz9j0744q9hoxv8e%2Fe6d36594-2380-4cd4-b5c9-f16e81a78170%2F15.jpg?alt=media&token=e4a8982f-e644-480c-ab27-04c85c91f0a0,"{""model"":[""c""]}"
https://firebasestorage.googleapis.com/v0/b/labelbox-193903.appspot.com/o/cjibrb63pgz9j0744q9hoxv8e%2Fe6d36594-2380-4cd4-b5c9-f16e81a78170%2F16.jpg?alt=media&token=967cd7d9-2391-4827-994c-98381a58ffd5,"{""model"":[""c""]}"
https://firebasestorage.googleapis.com/v0/b/labelbox-193903.appspot.com/o/cjibrb63pgz9j0744q9hoxv8e%2Fe6d36594-2380-4cd4-b5c9-f16e81a78170%2Fc_1.jpg?alt=media&token=21f5260f-d61a-4e28-93e4-9e5966a54a35,"{""model"":[""c""]}"
https://firebasestorage.googleapis.com/v0/b/labelbox-193903.appspot.com/o/cjibrb63pgz9j0744q9hoxv8e%2Fe6d36594-2380-4cd4-b5c9-f16e81a78170%2Fc_2.jpg?alt=media&token=2e1fff2b-faef-47e6-9ce6-825f16251dc4,"{""model"":[""c""]}"
https://firebasestorage.googleapis.com/v0/b/labelbox-193903.appspot.com/o/cjibrb63pgz9j0744q9hoxv8e%2Fe6d36594-2380-4cd4-b5c9-f16e81a78170%2Fc_3.jpg?alt=media&token=fe9928ad-ed7a-4310-ad0d-0e160b0b8cd3,"{""model"":[""c""]}"
https://firebasestorage.googleapis.com/v0/b/labelbox-193903.appspot.com/o/cjibrb63pgz9j0744q9hoxv8e%2Fe6d36594-2380-4cd4-b5c9-f16e81a78170%2F2.jpg?alt=media&token=4bb39125-0618-47dc-aff4-e3b4490d9839,"{""model"":[""c""]}"
https://firebasestorage.googleapis.com/v0/b/labelbox-193903.appspot.com/o/cjibrb63pgz9j0744q9hoxv8e%2Fe6d36594-2380-4cd4-b5c9-f16e81a78170%2Fc_6.jpg?alt=media&token=86329d78-5554-4738-b1cb-6e892192ca8c,"{""model"":[""c""]}"
https://firebasestorage.googleapis.com/v0/b/labelbox-193903.appspot.com/o/cjibrb63pgz9j0744q9hoxv8e%2Fe6d36594-2380-4cd4-b5c9-f16e81a78170%2Fc_5.jpg?alt=media&token=cd2a1e0d-e9f8-45ee-a690-9439ae81ef8b,"{""model"":[""c""]}"
https://firebasestorage.googleapis.com/v0/b/labelbox-193903.appspot.com/o/cjibrb63pgz9j0744q9hoxv8e%2Fe6d36594-2380-4cd4-b5c9-f16e81a78170%2Fc_9.jpg?alt=media&token=89c97049-f426-4b3d-96ce-115830cbc550,"{""model"":[""c""]}"
https://firebasestorage.googleapis.com/v0/b/labelbox-193903.appspot.com/o/cjibrb63pgz9j0744q9hoxv8e%2Fe6d36594-2380-4cd4-b5c9-f16e81a78170%2Fc_8.jpg?alt=media&token=740a070f-7683-4c2e-886b-d2f053d3ad5f,"{""model"":[""c""]}"
https://firebasestorage.googleapis.com/v0/b/labelbox-193903.appspot.com/o/cjibrb63pgz9j0744q9hoxv8e%2Fe6d36594-2380-4cd4-b5c9-f16e81a78170%2Fc_7.jpg?alt=media&token=54d20ea5-15ca-4bc0-bf45-98a3c46fb921,"{""model"":[""c""]}"
https://firebasestorage.googleapis.com/v0/b/labelbox-193903.appspot.com/o/cjibrb63pgz9j0744q9hoxv8e%2Fe6d36594-2380-4cd4-b5c9-f16e81a78170%2Fc_10.jpg?alt=media&token=0d281936-2fce-4f43-9e4f-c942ed221064,"{""model"":[""c""]}"
https://firebasestorage.googleapis.com/v0/b/labelbox-193903.appspot.com/o/cjibrb63pgz9j0744q9hoxv8e%2Fe6d36594-2380-4cd4-b5c9-f16e81a78170%2Fc_11.jpg?alt=media&token=65a64e99-f7b1-4015-84c7-296de931937e,"{""model"":[""c""]}"
https://firebasestorage.googleapis.com/v0/b/labelbox-193903.appspot.com/o/cjibrb63pgz9j0744q9hoxv8e%2Fe6d36594-2380-4cd4-b5c9-f16e81a78170%2Fc_12.jpg?alt=media&token=b7fceaac-fb21-4236-8804-3f6e379ee7e7,"{""model"":[""c""]}"
https://firebasestorage.googleapis.com/v0/b/labelbox-193903.appspot.com/o/cjibrb63pgz9j0744q9hoxv8e%2Fe6d36594-2380-4cd4-b5c9-f16e81a78170%2Fc_13.jpg?alt=media&token=b50e57eb-89ad-439a-b097-f74d2b4ac3ac,"{""model"":[""c""]}"
https://firebasestorage.googleapis.com/v0/b/labelbox-193903.appspot.com/o/cjibrb63pgz9j0744q9hoxv8e%2Fe6d36594-2380-4cd4-b5c9-f16e81a78170%2Fc_15.jpg?alt=media&token=a277ce5e-1938-443e-a541-6bf95d9e421f,"{""model"":[""c""]}"
https://firebasestorage.googleapis.com/v0/b/labelbox-193903.appspot.com/o/cjibrb63pgz9j0744q9hoxv8e%2Fe6d36594-2380-4cd4-b5c9-f16e81a78170%2Fc_16.jpg?alt=media&token=6fe3f8e0-936f-470d-9842-8ff639f91e2b,"{""model"":[""c""]}"
https://firebasestorage.googleapis.com/v0/b/labelbox-193903.appspot.com/o/cjibrb63pgz9j0744q9hoxv8e%2Fe6d36594-2380-4cd4-b5c9-f16e81a78170%2Fc_17.jpg?alt=media&token=e62c6188-35e6-4bc1-acbc-1f1ceddee83a,"{""model"":[""c""]}"
https://firebasestorage.googleapis.com/v0/b/labelbox-193903.appspot.com/o/cjibrb63pgz9j0744q9hoxv8e%2Fe6d36594-2380-4cd4-b5c9-f16e81a78170%2Fc_14.jpg?alt=media&token=de0a9ce3-874d-4ed8-a40f-1cd80466cfa1,"{""model"":[""c""]}"
https://firebasestorage.googleapis.com/v0/b/labelbox-193903.appspot.com/o/cjibrb63pgz9j0744q9hoxv8e%2Fe6d36594-2380-4cd4-b5c9-f16e81a78170%2Fc_19.jpg?alt=media&token=7d111960-f7b3-4fca-ab79-b2d208e125d1,"{""model"":[""c""]}"
https://firebasestorage.googleapis.com/v0/b/labelbox-193903.appspot.com/o/cjibrb63pgz9j0744q9hoxv8e%2Fe6d36594-2380-4cd4-b5c9-f16e81a78170%2Fc_20.jpg?alt=media&token=68a64087-48fd-4f10-98ce-b1456c05b79c,"{""model"":[""c""]}"
https://firebasestorage.googleapis.com/v0/b/labelbox-193903.appspot.com/o/cjibrb63pgz9j0744q9hoxv8e%2Fe6d36594-2380-4cd4-b5c9-f16e81a78170%2Fc_18.jpg?alt=media&token=5473e047-a961-4226-a894-ff8ad224b70a,"{""model"":[""c""]}"
https://firebasestorage.googleapis.com/v0/b/labelbox-193903.appspot.com/o/cjibrb63pgz9j0744q9hoxv8e%2Fe6d36594-2380-4cd4-b5c9-f16e81a78170%2Fc_21.jpg?alt=media&token=048a7723-1624-4f1d-9708-d474425de882,"{""model"":[""c""]}"
https://firebasestorage.googleapis.com/v0/b/labelbox-193903.appspot.com/o/cjibrb63pgz9j0744q9hoxv8e%2Fe6d36594-2380-4cd4-b5c9-f16e81a78170%2Fc_22.jpg?alt=media&token=d229caad-8c86-4a7f-b9ec-1b5f02d2182d,"{""model"":[""c""]}"
https://firebasestorage.googleapis.com/v0/b/labelbox-193903.appspot.com/o/cjibrb63pgz9j0744q9hoxv8e%2Fe6d36594-2380-4cd4-b5c9-f16e81a78170%2Fc_23.jpg?alt=media&token=4f53352c-9b9a-42cb-a91b-228503dee6f4,"{""model"":[""c""]}"
https://firebasestorage.googleapis.com/v0/b/labelbox-193903.appspot.com/o/cjibrb63pgz9j0744q9hoxv8e%2Ffed70328-098c-42f7-a269-855939712a45%2Fc_24.jpg?alt=media&token=c208e182-e358-47f7-9a18-301785c3fc72,"{""model"":[""c""]}"
https://firebasestorage.googleapis.com/v0/b/labelbox-193903.appspot.com/o/cjibrb63pgz9j0744q9hoxv8e%2Ffed70328-098c-42f7-a269-855939712a45%2Fc_26.jpg?alt=media&token=c626e988-84d3-4912-8505-5cff05b05811,"{""model"":[""c""]}"
https://firebasestorage.googleapis.com/v0/b/labelbox-193903.appspot.com/o/cjibrb63pgz9j0744q9hoxv8e%2Ffed70328-098c-42f7-a269-855939712a45%2Fc_27.jpg?alt=media&token=359af580-9f90-43fd-974b-a98ca13b7a2e,"{""model"":[""c""]}"
https://firebasestorage.googleapis.com/v0/b/labelbox-193903.appspot.com/o/cjibrb63pgz9j0744q9hoxv8e%2Ffed70328-098c-42f7-a269-855939712a45%2Fc_28.jpg?alt=media&token=22a2561d-4378-444e-8af6-2b5c0c3d68b9,"{""model"":[""c""]}"
https://firebasestorage.googleapis.com/v0/b/labelbox-193903.appspot.com/o/cjibrb63pgz9j0744q9hoxv8e%2Ffed70328-098c-42f7-a269-855939712a45%2Fc_29.jpg?alt=media&token=d77b5b87-11ee-4c90-b0aa-b5e529bd2578,"{""model"":[""c""]}"
https://firebasestorage.googleapis.com/v0/b/labelbox-193903.appspot.com/o/cjibrb63pgz9j0744q9hoxv8e%2Ffed70328-098c-42f7-a269-855939712a45%2Fc_30.jpg?alt=media&token=ea64c1d4-3952-4006-8b16-fdd684911bba,"{""model"":[""c""]}"
https://firebasestorage.googleapis.com/v0/b/labelbox-193903.appspot.com/o/cjibrb63pgz9j0744q9hoxv8e%2Ffed70328-098c-42f7-a269-855939712a45%2Fc_31.jpg?alt=media&token=8c783eab-669e-48d7-93d8-d4481d5b1a15,"{""model"":[""c""]}"
https://firebasestorage.googleapis.com/v0/b/labelbox-193903.appspot.com/o/cjibrb63pgz9j0744q9hoxv8e%2Ffed70328-098c-42f7-a269-855939712a45%2Fc_32.jpg?alt=media&token=16829fef-fe34-40bd-891e-03c87b76c04b,"{""model"":[""c""]}"
https://firebasestorage.googleapis.com/v0/b/labelbox-193903.appspot.com/o/cjibrb63pgz9j0744q9hoxv8e%2Ffed70328-098c-42f7-a269-855939712a45%2Fc_33.jpg?alt=media&token=9bb342ef-bbe3-4981-b2e8-90f96a940de4,"{""model"":[""c""]}"
https://firebasestorage.googleapis.com/v0/b/labelbox-193903.appspot.com/o/cjibrb63pgz9j0744q9hoxv8e%2Ffed70328-098c-42f7-a269-855939712a45%2Fc_35.jpg?alt=media&token=1b22ea5f-a3e2-480f-bf38-2e95c8963768,"{""model"":[""c""]}"
https://firebasestorage.googleapis.com/v0/b/labelbox-193903.appspot.com/o/cjibrb63pgz9j0744q9hoxv8e%2Ffed70328-098c-42f7-a269-855939712a45%2Fc_34.jpg?alt=media&token=afa8cfdc-78d4-4559-ab55-e046248b1261,"{""model"":[""c""]}"
https://firebasestorage.googleapis.com/v0/b/labelbox-193903.appspot.com/o/cjibrb63pgz9j0744q9hoxv8e%2Ffed70328-098c-42f7-a269-855939712a45%2Fc_35.jpg?alt=media&token=1b22ea5f-a3e2-480f-bf38-2e95c8963768,"{""model"":[""c""]}"
https://firebasestorage.googleapis.com/v0/b/labelbox-193903.appspot.com/o/cjibrb63pgz9j0744q9hoxv8e%2Ffed70328-098c-42f7-a269-855939712a45%2Fc_38.jpg?alt=media&token=fc0c4e0f-fe3c-4664-8117-ad0fcc62d83e,"{""model"":[""c""]}"
https://firebasestorage.googleapis.com/v0/b/labelbox-193903.appspot.com/o/cjibrb63pgz9j0744q9hoxv8e%2Ffed70328-098c-42f7-a269-855939712a45%2Fc_36.jpg?alt=media&token=9f105583-5843-4313-831f-46294c1eb761,"{""model"":[""c""]}"
https://firebasestorage.googleapis.com/v0/b/labelbox-193903.appspot.com/o/cjibrb63pgz9j0744q9hoxv8e%2Ffed70328-098c-42f7-a269-855939712a45%2Fc_37.jpg?alt=media&token=4aa4b65d-6995-4077-85ff-1befb6d0cf38,"{""model"":[""c""]}"
https://firebasestorage.googleapis.com/v0/b/labelbox-193903.appspot.com/o/cjibrb63pgz9j0744q9hoxv8e%2Ffed70328-098c-42f7-a269-855939712a45%2Fc_40.jpg?alt=media&token=805d691c-bc98-4b05-802a-001e385bca8e,"{""model"":[""c""]}"
https://firebasestorage.googleapis.com/v0/b/labelbox-193903.appspot.com/o/cjibrb63pgz9j0744q9hoxv8e%2Ffed70328-098c-42f7-a269-855939712a45%2Fc_25.jpg?alt=media&token=b100e7c0-45f1-4f6e-b40e-f3288b7ea748,"{""model"":[""c""]}"
https://firebasestorage.googleapis.com/v0/b/labelbox-193903.appspot.com/o/cjibrb63pgz9j0744q9hoxv8e%2Ffed70328-098c-42f7-a269-855939712a45%2Fc_42.jpg?alt=media&token=dfbfcf26-a8b8-4ccd-bad3-18bbf3b2ed12,"{""model"":[""c""]}"
https://firebasestorage.googleapis.com/v0/b/labelbox-193903.appspot.com/o/cjibrb63pgz9j0744q9hoxv8e%2Ffed70328-098c-42f7-a269-855939712a45%2Fc_40.jpg?alt=media&token=805d691c-bc98-4b05-802a-001e385bca8e,"{""model"":[""c""]}"
https://firebasestorage.googleapis.com/v0/b/labelbox-193903.appspot.com/o/cjibrb63pgz9j0744q9hoxv8e%2Ffed70328-098c-42f7-a269-855939712a45%2Fc_43.jpg?alt=media&token=361f85b6-0272-4dce-bb0f-6a295363caa1,"{""model"":[""c""]}"
https://firebasestorage.googleapis.com/v0/b/labelbox-193903.appspot.com/o/cjibrb63pgz9j0744q9hoxv8e%2Ffed70328-098c-42f7-a269-855939712a45%2Fc_41.jpg?alt=media&token=98a374e6-9907-46cb-9569-605414d7fb61,"{""model"":[""c""]}"
https://firebasestorage.googleapis.com/v0/b/labelbox-193903.appspot.com/o/cjibrb63pgz9j0744q9hoxv8e%2Ffed70328-098c-42f7-a269-855939712a45%2Fc_44.jpg?alt=media&token=f8e0c0d0-7e67-40ac-b0e7-d0d7ba024a52,"{""model"":[""c""]}"
https://firebasestorage.googleapis.com/v0/b/labelbox-193903.appspot.com/o/cjibrb63pgz9j0744q9hoxv8e%2Ffed70328-098c-42f7-a269-855939712a45%2Fc_43.jpg?alt=media&token=361f85b6-0272-4dce-bb0f-6a295363caa1,"{""model"":[""c""]}"
https://firebasestorage.googleapis.com/v0/b/labelbox-193903.appspot.com/o/cjibrb63pgz9j0744q9hoxv8e%2Ffed70328-098c-42f7-a269-855939712a45%2Fc_46.jpg?alt=media&token=54bc3a2d-19ac-495d-b96a-ae4c6653af6d,"{""model"":[""c""]}"
https://firebasestorage.googleapis.com/v0/b/labelbox-193903.appspot.com/o/cjibrb63pgz9j0744q9hoxv8e%2Ffed70328-098c-42f7-a269-855939712a45%2Fc_49.jpg?alt=media&token=216a4010-ee16-4c2c-818a-26baace80fbe,"{""model"":[""c""]}"
https://firebasestorage.googleapis.com/v0/b/labelbox-193903.appspot.com/o/cjibrb63pgz9j0744q9hoxv8e%2Ffed70328-098c-42f7-a269-855939712a45%2Fc_47.jpg?alt=media&token=4d69b208-5da5-41ab-a946-09892e588a1c,"{""model"":[""c""]}"
https://firebasestorage.googleapis.com/v0/b/labelbox-193903.appspot.com/o/cjibrb63pgz9j0744q9hoxv8e%2Ffed70328-098c-42f7-a269-855939712a45%2Fc_45.jpg?alt=media&token=f83c47fd-c496-499f-ad2c-abda3cb5cee9,"{""model"":[""c""]}"
https://firebasestorage.googleapis.com/v0/b/labelbox-193903.appspot.com/o/cjibrb63pgz9j0744q9hoxv8e%2Ffed70328-098c-42f7-a269-855939712a45%2Fc_51.jpg?alt=media&token=19b8d8a6-fa27-47da-8695-13b184072154,"{""model"":[""c""]}"
https://firebasestorage.googleapis.com/v0/b/labelbox-193903.appspot.com/o/cjibrb63pgz9j0744q9hoxv8e%2Ffed70328-098c-42f7-a269-855939712a45%2Fc_50.jpg?alt=media&token=c2a32944-6f4d-495f-8730-6b7ae807a5f5,"{""model"":[""c""]}"
https://firebasestorage.googleapis.com/v0/b/labelbox-193903.appspot.com/o/cjibrb63pgz9j0744q9hoxv8e%2Ffed70328-098c-42f7-a269-855939712a45%2Fc_46.jpg?alt=media&token=54bc3a2d-19ac-495d-b96a-ae4c6653af6d,"{""model"":[""c""]}"
https://firebasestorage.googleapis.com/v0/b/labelbox-193903.appspot.com/o/cjibrb63pgz9j0744q9hoxv8e%2Ffed70328-098c-42f7-a269-855939712a45%2Fc_48.jpg?alt=media&token=a7534f9f-c64d-49bd-88e3-2ee5e1fafd0a,"{""model"":[""c""]}"
https://firebasestorage.googleapis.com/v0/b/labelbox-193903.appspot.com/o/cjibrb63pgz9j0744q9hoxv8e%2Ffed70328-098c-42f7-a269-855939712a45%2Fc_53.jpg?alt=media&token=ec35bd58-be9b-4bdc-8eee-c9d751b2d364,"{""model"":[""c""]}"
https://firebasestorage.googleapis.com/v0/b/labelbox-193903.appspot.com/o/cjibrb63pgz9j0744q9hoxv8e%2Ffed70328-098c-42f7-a269-855939712a45%2Fc_52.jpg?alt=media&token=458272c3-1198-48d7-a29a-c80eb4b8537d,"{""model"":[""c""]}"
https://firebasestorage.googleapis.com/v0/b/labelbox-193903.appspot.com/o/cjibrb63pgz9j0744q9hoxv8e%2F4f10ee5c-1b4e-4808-8218-183bce0f0f43%2Fc_64.jpg?alt=media&token=08f6027a-a16e-4bdb-8f8d-833da69105e6,"{""model"":[""c""]}"
https://firebasestorage.googleapis.com/v0/b/labelbox-193903.appspot.com/o/cjibrb63pgz9j0744q9hoxv8e%2F4f10ee5c-1b4e-4808-8218-183bce0f0f43%2Fc_53_1.jpg?alt=media&token=0f4abf03-ff60-4c80-b3d7-4139ac19f326,"{""model"":[""c""]}"
https://firebasestorage.googleapis.com/v0/b/labelbox-193903.appspot.com/o/cjibrb63pgz9j0744q9hoxv8e%2F4f10ee5c-1b4e-4808-8218-183bce0f0f43%2Fc_54.jpg?alt=media&token=8765e6a7-9857-4259-82a4-ba740797b4be,"{""model"":[""c""]}"
https://firebasestorage.googleapis.com/v0/b/labelbox-193903.appspot.com/o/cjibrb63pgz9j0744q9hoxv8e%2F4f10ee5c-1b4e-4808-8218-183bce0f0f43%2Fc_54_1.jpg?alt=media&token=f96ba868-faaa-4b7b-a400-945a37ba6a3a,"{""model"":[""c""]}"
https://firebasestorage.googleapis.com/v0/b/labelbox-193903.appspot.com/o/cjibrb63pgz9j0744q9hoxv8e%2F4f10ee5c-1b4e-4808-8218-183bce0f0f43%2Fc_56.jpg?alt=media&token=21186486-6b2b-4b3a-8442-ca224cb29fc7,"{""model"":[""c""]}"
https://firebasestorage.googleapis.com/v0/b/labelbox-193903.appspot.com/o/cjibrb63pgz9j0744q9hoxv8e%2F4f10ee5c-1b4e-4808-8218-183bce0f0f43%2Fc_55.jpg?alt=media&token=b4c40c41-bce7-4057-97cf-ac6a43f9f6c3,"{""model"":[""c""]}"
https://firebasestorage.googleapis.com/v0/b/labelbox-193903.appspot.com/o/cjibrb63pgz9j0744q9hoxv8e%2F4f10ee5c-1b4e-4808-8218-183bce0f0f43%2Fc_57.jpg?alt=media&token=da32b0ac-0eff-4b97-ac90-5de468d985b8,"{""model"":[""c""]}"
https://firebasestorage.googleapis.com/v0/b/labelbox-193903.appspot.com/o/cjibrb63pgz9j0744q9hoxv8e%2F4f10ee5c-1b4e-4808-8218-183bce0f0f43%2Fc_58.jpg?alt=media&token=994cd70e-d031-4d7d-ad0c-fd4e2f61ad26,"{""model"":[""c""]}"
https://firebasestorage.googleapis.com/v0/b/labelbox-193903.appspot.com/o/cjibrb63pgz9j0744q9hoxv8e%2F4f10ee5c-1b4e-4808-8218-183bce0f0f43%2Fc_59.jpg?alt=media&token=1018a401-0a38-4c44-bf46-2bd74c109d4f,"{""model"":[""c""]}"
https://firebasestorage.googleapis.com/v0/b/labelbox-193903.appspot.com/o/cjibrb63pgz9j0744q9hoxv8e%2F4f10ee5c-1b4e-4808-8218-183bce0f0f43%2Fc_60.jpg?alt=media&token=17fe0f95-892c-4167-842d-2bbad9600956,"{""model"":[""c""]}"
https://firebasestorage.googleapis.com/v0/b/labelbox-193903.appspot.com/o/cjibrb63pgz9j0744q9hoxv8e%2F4f10ee5c-1b4e-4808-8218-183bce0f0f43%2Fc_61.jpg?alt=media&token=b4a90710-b264-473e-81a0-5860c7ecd6d9,"{""model"":[""c""]}"
https://firebasestorage.googleapis.com/v0/b/labelbox-193903.appspot.com/o/cjibrb63pgz9j0744q9hoxv8e%2F4f10ee5c-1b4e-4808-8218-183bce0f0f43%2Fc_62.jpg?alt=media&token=22ac660b-6fba-4d36-baf3-8c9aa6d384f2,"{""model"":[""c""]}"
https://firebasestorage.googleapis.com/v0/b/labelbox-193903.appspot.com/o/cjibrb63pgz9j0744q9hoxv8e%2F4f10ee5c-1b4e-4808-8218-183bce0f0f43%2Fc_63.jpg?alt=media&token=7823d64d-26d2-4e3a-940e-b21565b29e38,"{""model"":[""c""]}"
https://firebasestorage.googleapis.com/v0/b/labelbox-193903.appspot.com/o/cjibrb63pgz9j0744q9hoxv8e%2F4f10ee5c-1b4e-4808-8218-183bce0f0f43%2Fc_65.jpg?alt=media&token=43495a99-e565-489c-b958-e940135b837d,"{""model"":[""c""]}"
https://firebasestorage.googleapis.com/v0/b/labelbox-193903.appspot.com/o/cjibrb63pgz9j0744q9hoxv8e%2F4f10ee5c-1b4e-4808-8218-183bce0f0f43%2Fc_66.jpg?alt=media&token=33f3596b-cc95-49e2-bc67-ee3b9e9f4b94,"{""model"":[""c""]}"
https://firebasestorage.googleapis.com/v0/b/labelbox-193903.appspot.com/o/cjibrb63pgz9j0744q9hoxv8e%2F4f10ee5c-1b4e-4808-8218-183bce0f0f43%2Fc_53_2.jpg?alt=media&token=83068640-20a4-4539-8f00-34c10137a3a8,"{""model"":[""c""]}"
https://firebasestorage.googleapis.com/v0/b/labelbox-193903.appspot.com/o/cjibrb63pgz9j0744q9hoxv8e%2F4f10ee5c-1b4e-4808-8218-183bce0f0f43%2Fc_67.jpg?alt=media&token=c966def3-8e75-4583-b002-e862f3dbe498,"{""model"":[""c""]}"
https://firebasestorage.googleapis.com/v0/b/labelbox-193903.appspot.com/o/cjibrb63pgz9j0744q9hoxv8e%2F4f10ee5c-1b4e-4808-8218-183bce0f0f43%2Fc_68.jpg?alt=media&token=235b5765-129c-4353-8584-2a3c20fcecee,"{""model"":[""c""]}"
https://firebasestorage.googleapis.com/v0/b/labelbox-193903.appspot.com/o/cjibrb63pgz9j0744q9hoxv8e%2F4f10ee5c-1b4e-4808-8218-183bce0f0f43%2Fc_69.jpg?alt=media&token=59ddb555-09fe-4b80-863a-adfedabd5a6f,"{""model"":[""c""]}"
https://firebasestorage.googleapis.com/v0/b/labelbox-193903.appspot.com/o/cjibrb63pgz9j0744q9hoxv8e%2F4f10ee5c-1b4e-4808-8218-183bce0f0f43%2Fc_70.jpg?alt=media&token=2655a062-a646-4232-962a-f45ff82369c6,"{""model"":[""c""]}"
https://firebasestorage.googleapis.com/v0/b/labelbox-193903.appspot.com/o/cjibrb63pgz9j0744q9hoxv8e%2F4f10ee5c-1b4e-4808-8218-183bce0f0f43%2Fc_72.jpg?alt=media&token=6654322a-c20b-4c58-9749-6544a8d35844,"{""model"":[""c""]}"
https://firebasestorage.googleapis.com/v0/b/labelbox-193903.appspot.com/o/cjibrb63pgz9j0744q9hoxv8e%2F4f10ee5c-1b4e-4808-8218-183bce0f0f43%2Fc_71.jpg?alt=media&token=f261d22f-6675-4551-b112-9140b604189d,"{""model"":[""c""]}"
https://firebasestorage.googleapis.com/v0/b/labelbox-193903.appspot.com/o/cjibrb63pgz9j0744q9hoxv8e%2F4f10ee5c-1b4e-4808-8218-183bce0f0f43%2Fc_71.jpg?alt=media&token=f261d22f-6675-4551-b112-9140b604189d,"{""model"":[""c""]}"
https://firebasestorage.googleapis.com/v0/b/labelbox-193903.appspot.com/o/cjibrb63pgz9j0744q9hoxv8e%2F4f10ee5c-1b4e-4808-8218-183bce0f0f43%2Fc_73.jpg?alt=media&token=9dcf9642-b641-40c4-8993-398e2fa1b7ea,"{""model"":[""c""]}"
https://firebasestorage.googleapis.com/v0/b/labelbox-193903.appspot.com/o/cjibrb63pgz9j0744q9hoxv8e%2F4f10ee5c-1b4e-4808-8218-183bce0f0f43%2Fc_74.jpg?alt=media&token=fffb1a07-6b8f-4355-89a0-4c9e486622a7,"{""model"":[""c""]}"
https://firebasestorage.googleapis.com/v0/b/labelbox-193903.appspot.com/o/cjibrb63pgz9j0744q9hoxv8e%2F4f10ee5c-1b4e-4808-8218-183bce0f0f43%2Fc_73.jpg?alt=media&token=9dcf9642-b641-40c4-8993-398e2fa1b7ea,"{""model"":[""c""]}"
https://firebasestorage.googleapis.com/v0/b/labelbox-193903.appspot.com/o/cjibrb63pgz9j0744q9hoxv8e%2F4f10ee5c-1b4e-4808-8218-183bce0f0f43%2Fc_75.jpg?alt=media&token=01994444-1b5b-4b20-b4fb-8c31d203abd1,"{""model"":[""c""]}"
https://firebasestorage.googleapis.com/v0/b/labelbox-193903.appspot.com/o/cjibrb63pgz9j0744q9hoxv8e%2F4f10ee5c-1b4e-4808-8218-183bce0f0f43%2Fc_77.jpg?alt=media&token=0e7dc7a9-f62c-4ddb-8cb8-54942c970966,"{""model"":[""c""]}"
https://firebasestorage.googleapis.com/v0/b/labelbox-193903.appspot.com/o/cjibrb63pgz9j0744q9hoxv8e%2Feee68bbe-3dc9-42f5-96cf-a76c81115751%2Fc_95.jpg?alt=media&token=2a275265-0657-4f57-97d5-16100896ef63,"{""model"":[""c""]}"
https://firebasestorage.googleapis.com/v0/b/labelbox-193903.appspot.com/o/cjibrb63pgz9j0744q9hoxv8e%2F4f10ee5c-1b4e-4808-8218-183bce0f0f43%2Fc_76.jpg?alt=media&token=a2c4797a-8bfc-4d68-883d-78fdab45f1d8,"{""model"":[""c""]}"
https://firebasestorage.googleapis.com/v0/b/labelbox-193903.appspot.com/o/cjibrb63pgz9j0744q9hoxv8e%2Feee68bbe-3dc9-42f5-96cf-a76c81115751%2Fc_78.jpg?alt=media&token=8071d6a3-a8ea-4d7b-a307-8909aa48cf7a,"{""model"":[""c""]}"
https://firebasestorage.googleapis.com/v0/b/labelbox-193903.appspot.com/o/cjibrb63pgz9j0744q9hoxv8e%2Feee68bbe-3dc9-42f5-96cf-a76c81115751%2Fc_80.jpg?alt=media&token=0b956d6e-1780-43ae-85e3-0596d94a89a8,"{""model"":[""c""]}"
https://firebasestorage.googleapis.com/v0/b/labelbox-193903.appspot.com/o/cjibrb63pgz9j0744q9hoxv8e%2Feee68bbe-3dc9-42f5-96cf-a76c81115751%2Fc_81.jpg?alt=media&token=db24afe2-673d-4a89-bc39-5645108cdef0,"{""model"":[""c""]}"
https://firebasestorage.googleapis.com/v0/b/labelbox-193903.appspot.com/o/cjibrb63pgz9j0744q9hoxv8e%2Feee68bbe-3dc9-42f5-96cf-a76c81115751%2Fc_82.jpg?alt=media&token=b8bc5059-cf4f-4b53-b399-9f457e521b2f,"{""model"":[""c""]}"
https://firebasestorage.googleapis.com/v0/b/labelbox-193903.appspot.com/o/cjibrb63pgz9j0744q9hoxv8e%2Feee68bbe-3dc9-42f5-96cf-a76c81115751%2Fc_84.jpg?alt=media&token=2a008a71-96e5-4776-9af3-810c592fe23b,"{""model"":[""c""]}"
https://firebasestorage.googleapis.com/v0/b/labelbox-193903.appspot.com/o/cjibrb63pgz9j0744q9hoxv8e%2Feee68bbe-3dc9-42f5-96cf-a76c81115751%2Fc_83.jpg?alt=media&token=62fcbcb4-a9fa-4005-bafa-4d5e904a0c5d,"{""model"":[""c""]}"
https://firebasestorage.googleapis.com/v0/b/labelbox-193903.appspot.com/o/cjibrb63pgz9j0744q9hoxv8e%2Feee68bbe-3dc9-42f5-96cf-a76c81115751%2Fc_85.jpg?alt=media&token=b8459505-7271-4dd1-8975-b4fd6f1521ef,"{""model"":[""c""]}"
https://firebasestorage.googleapis.com/v0/b/labelbox-193903.appspot.com/o/cjibrb63pgz9j0744q9hoxv8e%2Feee68bbe-3dc9-42f5-96cf-a76c81115751%2Fc_86.jpg?alt=media&token=815a918d-177e-4ea8-901b-718f755444ef,"{""model"":[""c""]}"
https://firebasestorage.googleapis.com/v0/b/labelbox-193903.appspot.com/o/cjibrb63pgz9j0744q9hoxv8e%2Feee68bbe-3dc9-42f5-96cf-a76c81115751%2Fc_87.jpg?alt=media&token=5c355488-5cf5-4e7f-81cc-89d5e18d25af,"{""model"":[""c""]}"
https://firebasestorage.googleapis.com/v0/b/labelbox-193903.appspot.com/o/cjibrb63pgz9j0744q9hoxv8e%2Feee68bbe-3dc9-42f5-96cf-a76c81115751%2Fc_89_1.jpg?alt=media&token=0a8720bd-359b-4837-97c9-85e528585937,"{""model"":[""c""]}"
https://firebasestorage.googleapis.com/v0/b/labelbox-193903.appspot.com/o/cjibrb63pgz9j0744q9hoxv8e%2Feee68bbe-3dc9-42f5-96cf-a76c81115751%2Fc_88.jpg?alt=media&token=e166d7e1-9452-4a59-a470-69c2760d3c2f,"{""model"":[""c""]}"
https://firebasestorage.googleapis.com/v0/b/labelbox-193903.appspot.com/o/cjibrb63pgz9j0744q9hoxv8e%2Feee68bbe-3dc9-42f5-96cf-a76c81115751%2Fc_89.jpg?alt=media&token=94fa222a-8f54-45e0-a208-56d003ec7196,"{""model"":[""c""]}"
https://firebasestorage.googleapis.com/v0/b/labelbox-193903.appspot.com/o/cjibrb63pgz9j0744q9hoxv8e%2Feee68bbe-3dc9-42f5-96cf-a76c81115751%2Fc_90.jpg?alt=media&token=9ba54815-b75c-4bef-bccb-76ecc2588df1,"{""model"":[""c""]}"
https://firebasestorage.googleapis.com/v0/b/labelbox-193903.appspot.com/o/cjibrb63pgz9j0744q9hoxv8e%2Feee68bbe-3dc9-42f5-96cf-a76c81115751%2Fc_91.jpg?alt=media&token=f41d4337-595d-4491-8e3b-cc3ca26a46ee,"{""model"":[""c""]}"
https://firebasestorage.googleapis.com/v0/b/labelbox-193903.appspot.com/o/cjibrb63pgz9j0744q9hoxv8e%2Feee68bbe-3dc9-42f5-96cf-a76c81115751%2Fc_92.jpg?alt=media&token=10f186ef-74d9-48af-a59b-f15427a22d7c,"{""model"":[""c""]}"
https://firebasestorage.googleapis.com/v0/b/labelbox-193903.appspot.com/o/cjibrb63pgz9j0744q9hoxv8e%2Feee68bbe-3dc9-42f5-96cf-a76c81115751%2Fc_93.jpg?alt=media&token=9b71ef18-36e0-4d8a-a69f-1e847e01b7c1,"{""model"":[""c""]}"
https://firebasestorage.googleapis.com/v0/b/labelbox-193903.appspot.com/o/cjibrb63pgz9j0744q9hoxv8e%2Feee68bbe-3dc9-42f5-96cf-a76c81115751%2Fc_79.jpg?alt=media&token=385cad49-dbdd-486c-8270-7e9d3f8a284e,"{""model"":[""c""]}"
https://firebasestorage.googleapis.com/v0/b/labelbox-193903.appspot.com/o/cjibrb63pgz9j0744q9hoxv8e%2Feee68bbe-3dc9-42f5-96cf-a76c81115751%2Fc_94.jpg?alt=media&token=86ce6d27-2cf2-4b51-8616-378875e36ffb,"{""model"":[""c""]}"
https://firebasestorage.googleapis.com/v0/b/labelbox-193903.appspot.com/o/cjibrb63pgz9j0744q9hoxv8e%2Feee68bbe-3dc9-42f5-96cf-a76c81115751%2Fc_96.jpg?alt=media&token=bac0fd2a-5046-4e68-8441-a759b779d7d4,"{""model"":[""c""]}"
https://firebasestorage.googleapis.com/v0/b/labelbox-193903.appspot.com/o/cjibrb63pgz9j0744q9hoxv8e%2Feee68bbe-3dc9-42f5-96cf-a76c81115751%2Fc_97.jpg?alt=media&token=129d6055-8419-4625-9f60-119facdeb088,"{""model"":[""c""]}"
https://firebasestorage.googleapis.com/v0/b/labelbox-193903.appspot.com/o/cjibrb63pgz9j0744q9hoxv8e%2Feee68bbe-3dc9-42f5-96cf-a76c81115751%2Fc_99.jpg?alt=media&token=2721c2ef-ec8e-4a16-a1b5-e2a8abce2f3b,"{""model"":[""c""]}"
https://firebasestorage.googleapis.com/v0/b/labelbox-193903.appspot.com/o/cjibrb63pgz9j0744q9hoxv8e%2Feee68bbe-3dc9-42f5-96cf-a76c81115751%2Fc_98.jpg?alt=media&token=36acc4e3-7e0b-4199-af08-7e0168cb6575,"{""model"":[""c""]}"
https://firebasestorage.googleapis.com/v0/b/labelbox-193903.appspot.com/o/cjibrb63pgz9j0744q9hoxv8e%2Feee68bbe-3dc9-42f5-96cf-a76c81115751%2Fc_101.jpg?alt=media&token=bfaf04c9-74f4-48fb-9279-f3231c718d0d,"{""model"":[""c""]}"
https://firebasestorage.googleapis.com/v0/b/labelbox-193903.appspot.com/o/cjibrb63pgz9j0744q9hoxv8e%2Feee68bbe-3dc9-42f5-96cf-a76c81115751%2Fc_99.jpg?alt=media&token=2721c2ef-ec8e-4a16-a1b5-e2a8abce2f3b,"{""model"":[""c""]}"
https://firebasestorage.googleapis.com/v0/b/labelbox-193903.appspot.com/o/cjibrb63pgz9j0744q9hoxv8e%2Feee68bbe-3dc9-42f5-96cf-a76c81115751%2Fc_100.jpg?alt=media&token=469e461d-3277-42b3-a0e7-db2400e821a6,"{""model"":[""c""]}"
https://firebasestorage.googleapis.com/v0/b/labelbox-193903.appspot.com/o/cjibrb63pgz9j0744q9hoxv8e%2Feee68bbe-3dc9-42f5-96cf-a76c81115751%2Fc_101.jpg?alt=media&token=bfaf04c9-74f4-48fb-9279-f3231c718d0d,"{""model"":[""c""]}"
https://firebasestorage.googleapis.com/v0/b/labelbox-193903.appspot.com/o/cjibrb63pgz9j0744q9hoxv8e%2Feee68bbe-3dc9-42f5-96cf-a76c81115751%2Fc_102.jpg?alt=media&token=24e97487-6aed-4054-93c0-799e2cd72260,"{""model"":[""c""]}"
https://firebasestorage.googleapis.com/v0/b/labelbox-193903.appspot.com/o/cjibrb63pgz9j0744q9hoxv8e%2Feee68bbe-3dc9-42f5-96cf-a76c81115751%2Fc_103.jpg?alt=media&token=28a11714-1a16-4ba8-8a41-4fdc1a08700c,"{""model"":[""c""]}"
https://firebasestorage.googleapis.com/v0/b/labelbox-193903.appspot.com/o/cjibrb63pgz9j0744q9hoxv8e%2Feee68bbe-3dc9-42f5-96cf-a76c81115751%2Fc_104.jpg?alt=media&token=4c850548-f400-440a-ba13-c30ee0b6e461,"{""model"":[""c""]}"
https://firebasestorage.googleapis.com/v0/b/labelbox-193903.appspot.com/o/cjibrb63pgz9j0744q9hoxv8e%2Feee68bbe-3dc9-42f5-96cf-a76c81115751%2Fc_105.jpg?alt=media&token=ea92efae-aeb2-4303-a636-aa7c8e763ab4,"{""model"":[""c""]}"
https://firebasestorage.googleapis.com/v0/b/labelbox-193903.appspot.com/o/cjibrb63pgz9j0744q9hoxv8e%2Feee68bbe-3dc9-42f5-96cf-a76c81115751%2Fc_106.jpg?alt=media&token=49ed13ec-ca75-425a-98f6-d347bfa9febc,"{""model"":[""c""]}"
https://firebasestorage.googleapis.com/v0/b/labelbox-193903.appspot.com/o/cjibrb63pgz9j0744q9hoxv8e%2Feee68bbe-3dc9-42f5-96cf-a76c81115751%2Fc_107.jpg?alt=media&token=794b56ea-4b33-4a9e-b475-6bd4f540bc98,"{""model"":[""c""]}"
https://firebasestorage.googleapis.com/v0/b/labelbox-193903.appspot.com/o/cjibrb63pgz9j0744q9hoxv8e%2Feee68bbe-3dc9-42f5-96cf-a76c81115751%2Fc_108.jpg?alt=media&token=ff460a50-f0e9-4dda-b703-6f9a793b0fe3,"{""model"":[""c""]}"
https://firebasestorage.googleapis.com/v0/b/labelbox-193903.appspot.com/o/cjibrb63pgz9j0744q9hoxv8e%2Feee68bbe-3dc9-42f5-96cf-a76c81115751%2Fc_109.jpg?alt=media&token=e796e454-5380-4e4e-85ae-07e5af804aa1,"{""model"":[""c""]}"
https://firebasestorage.googleapis.com/v0/b/labelbox-193903.appspot.com/o/cjibrb63pgz9j0744q9hoxv8e%2Feee68bbe-3dc9-42f5-96cf-a76c81115751%2Fc_110.jpg?alt=media&token=17ab1c7c-b58a-4313-a9b7-48b22f7eb250,"{""model"":[""c""]}"
https://firebasestorage.googleapis.com/v0/b/labelbox-193903.appspot.com/o/cjibrb63pgz9j0744q9hoxv8e%2Feee68bbe-3dc9-42f5-96cf-a76c81115751%2Fc_111.jpg?alt=media&token=503a4ae5-bdae-48f2-adf6-6378510e9eb1,"{""model"":[""c""]}"
https://firebasestorage.googleapis.com/v0/b/labelbox-193903.appspot.com/o/cjibrb63pgz9j0744q9hoxv8e%2Feee68bbe-3dc9-42f5-96cf-a76c81115751%2Fc_112.jpg?alt=media&token=94a179aa-d360-48f8-b49f-aeafacee2a21,"{""model"":[""c""]}"
https://firebasestorage.googleapis.com/v0/b/labelbox-193903.appspot.com/o/cjibrb63pgz9j0744q9hoxv8e%2Fa68d8bea-54aa-4594-ae75-b9ca483c3942%2Fc_118.jpg?alt=media&token=49a35212-9212-4c4d-9a62-3dec3249f59c,"{""model"":[""c""]}"
https://firebasestorage.googleapis.com/v0/b/labelbox-193903.appspot.com/o/cjibrb63pgz9j0744q9hoxv8e%2Fa68d8bea-54aa-4594-ae75-b9ca483c3942%2Fc_115.jpg?alt=media&token=9761a2d8-64d1-4e31-a176-714c056e2c07,"{""model"":[""c""]}"
https://firebasestorage.googleapis.com/v0/b/labelbox-193903.appspot.com/o/cjibrb63pgz9j0744q9hoxv8e%2Fa68d8bea-54aa-4594-ae75-b9ca483c3942%2Fc_117.jpg?alt=media&token=f289f81e-b8ea-481a-b2c1-e86c511b0585,"{""model"":[""c""]}"
https://firebasestorage.googleapis.com/v0/b/labelbox-193903.appspot.com/o/cjibrb63pgz9j0744q9hoxv8e%2Fa68d8bea-54aa-4594-ae75-b9ca483c3942%2Fc_116.jpg?alt=media&token=0fd8ab43-e3a7-4536-a4a9-d5acd9e93a09,"{""model"":[""c""]}"
https://firebasestorage.googleapis.com/v0/b/labelbox-193903.appspot.com/o/cjibrb63pgz9j0744q9hoxv8e%2Fa68d8bea-54aa-4594-ae75-b9ca483c3942%2Fc_119.jpg?alt=media&token=000dfffc-3742-406d-a529-88183aa8121f,"{""model"":[""c""]}"
https://firebasestorage.googleapis.com/v0/b/labelbox-193903.appspot.com/o/cjibrb63pgz9j0744q9hoxv8e%2Fa68d8bea-54aa-4594-ae75-b9ca483c3942%2Fc_120.jpg?alt=media&token=f81758e8-d9cc-4fae-bc3e-c495120769e5,"{""model"":[""c""]}"
https://firebasestorage.googleapis.com/v0/b/labelbox-193903.appspot.com/o/cjibrb63pgz9j0744q9hoxv8e%2Fa68d8bea-54aa-4594-ae75-b9ca483c3942%2Fc_121.jpg?alt=media&token=1389255e-1b18-4775-ab73-a80b542ff19a,"{""model"":[""c""]}"
https://firebasestorage.googleapis.com/v0/b/labelbox-193903.appspot.com/o/cjibrb63pgz9j0744q9hoxv8e%2Fa68d8bea-54aa-4594-ae75-b9ca483c3942%2Fc_122.jpg?alt=media&token=a12badfc-9e51-4c1b-a42e-83682e9858ee,"{""model"":[""c""]}"
https://firebasestorage.googleapis.com/v0/b/labelbox-193903.appspot.com/o/cjibrb63pgz9j0744q9hoxv8e%2Fa68d8bea-54aa-4594-ae75-b9ca483c3942%2Fc_123.jpg?alt=media&token=601df213-3521-4808-b234-63978a8dff21,"{""model"":[""c""]}"